rank,link,title,year,director,length,country_region,language,avg_rating,num_of_ratings,people_watched,people_wants_to_watch,num_comment,num_reviews
1,https://movie.douban.com/subject/1292052/,肖申克的救赎 The Shawshank Redemption,1994,弗兰克·德拉邦特,142,美国,英语,9.6,1326471,1684511,165409,262048,7472
2,https://movie.douban.com/subject/1291546/,霸王别姬,1993,陈凯歌,171 ,中国大陆 / 香港,汉语普通话,9.6,979656,1354055,173918,212714,6198
3,https://movie.douban.com/subject/1295644/,这个杀手不太冷 Léon,1994,吕克·贝松,110分钟(剧场,法国,英语 / 意大利语 / 法语,9.4,1214394,1759981,150271,223117,4404
4,https://movie.douban.com/subject/1292720/,阿甘正传 Forrest Gump,1994,罗伯特·泽米吉斯,142,美国,英语,9.4,1045020,1485661,132245,173452,3824
5,https://movie.douban.com/subject/1292063/,美丽人生 La vita è bella,1997,罗伯托·贝尼尼,116,意大利,意大利语 / 德语 / 英语,9.5,611313,776431,228473,128781,3028
6,https://movie.douban.com/subject/1292722/,泰坦尼克号 Titanic,1997,詹姆斯·卡梅隆,194,美国,英语 / 意大利语 / 德语 / 俄语,9.3,981683,1367886,67032,152316,2315
7,https://movie.douban.com/subject/1291561/,千与千寻 千と千尋の神隠し,2001,宫崎骏,125,日本,日语,9.3,972767,1259340,98948,159547,3038
8,https://movie.douban.com/subject/1295124/,辛德勒的名单 Schindler's List,1993,史蒂文·斯皮尔伯格,195,美国,英语 / 希伯来语 / 德语 / 波兰语,9.5,546035,723183,210105,84683,1804
9,https://movie.douban.com/subject/3541415/,盗梦空间 Inception,2010,克里斯托弗·诺兰,148,美国 / 英国,英语 / 日语 / 法语,9.3,1058478,1491649,155558,218285,5368
10,https://movie.douban.com/subject/3011091/,忠犬八公的故事 Hachi: A Dog's Tale,2009,拉斯·霍尔斯道姆,93,美国 / 英国,英语 / 日语,9.3,690914,1079034,131977,157376,3055
11,https://movie.douban.com/subject/2131459/,机器人总动员 WALL·E,2008,安德鲁·斯坦顿,98,美国,英语,9.3,702316,949294,127687,123550,2547
12,https://movie.douban.com/subject/3793023/,三傻大闹宝莱坞 3 Idiots,2009,拉吉库马尔·希拉尼,171分钟(印,印度,印地语 / 乌尔都语 / 英语,9.2,946446,1253696,85503,205078,3940
13,https://movie.douban.com/subject/1292001/,海上钢琴师 La leggenda del pianista sull'oceano,1998,朱塞佩·托纳多雷,165,意大利,英语 / 法语 / 意大利语,9.2,782369,1059554,175559,143587,5190
14,https://movie.douban.com/subject/1291549/,放牛班的春天 Les choristes,2004,克里斯托夫·巴拉蒂,97,法国 / 瑞士 / 德国,法语,9.3,653994,949296,153569,111749,2318
15,https://movie.douban.com/subject/1292064/,楚门的世界 The Truman Show,1998,彼得·威尔,103,美国,英语,9.2,716456,978279,172462,139090,4064
16,https://movie.douban.com/subject/1292213/,大话西游之大圣娶亲 西遊記大結局之仙履奇緣,1995,刘镇伟,95,香港 / 中国大陆,粤语 / 汉语普通话,9.2,729431,996350,78573,122273,3510
17,https://movie.douban.com/subject/1889243/,星际穿越 Interstellar,2014,克里斯托弗·诺兰,169,美国 / 英国 / 加拿大 / 冰岛,英语,9.2,743621,984628,120679,193851,4535
18,https://movie.douban.com/subject/1291560/,龙猫 となりのトトロ,1988,宫崎骏,86,日本,日语,9.2,643926,891182,187847,119553,1782
19,https://movie.douban.com/subject/1291841/,教父 The Godfather,1972,弗朗西斯·福特·科波拉,175 ,美国,英语 / 意大利语 / 拉丁语,9.2,476179,637263,179255,77437,1207
20,https://movie.douban.com/subject/5912992/,熔炉 도가니,2011,黄东赫,125,韩国,韩语,9.3,416187,531110,154788,107791,3116
21,https://movie.douban.com/subject/1307914/,无间道 無間道,2002,刘伟强,101,香港,粤语,9.1,598033,862564,87771,84287,963
22,https://movie.douban.com/subject/1849031/,当幸福来敲门 The Pursuit of Happyness,2006,加布里埃莱·穆奇诺,117,美国,英语 / 粤语,9.0,764563,1044444,101331,123063,3361
23,https://movie.douban.com/subject/25662329/,疯狂动物城 Zootopia,2016,拜伦·霍华德,109分钟(中国大,美国,英语 / 挪威语,9.2,812228,996423,47964,189593,3159
24,https://movie.douban.com/subject/3319755/,怦然心动 Flipped,2010,罗伯·莱纳,90,美国,英语,9.0,840115,1136968,178480,210814,4811
25,https://movie.douban.com/subject/6786002/,触不可及 Intouchables,2011,奥利维埃·纳卡什,112,法国,法语,9.2,502085,664410,230379,122111,2181
26,https://movie.douban.com/subject/1300267/,乱世佳人 Gone with the Wind,1939,维克多·弗莱明,238,美国,英语,9.2,356214,485036,143762,69177,1509
27,https://movie.douban.com/subject/1851857/,蝙蝠侠：黑暗骑士 The Dark Knight,2008,克里斯托弗·诺兰,152,美国 / 英国,英语 / 汉语普通话,9.1,485514,669995,85804,85062,1808
28,https://movie.douban.com/subject/1292365/,活着,1994,张艺谋,132,中国大陆 / 香港,汉语普通话,9.2,391785,527918,157098,79935,1963
29,https://movie.douban.com/subject/1929463/,少年派的奇幻漂流 Life of Pi,2012,李安,127,美国 / 台湾 / 英国 / 加拿大,英语 / 泰米尔语 / 法语 / 日语 / 印地语 / 汉语普通话,9.0,772076,1009105,113212,194298,6983
30,https://movie.douban.com/subject/1291828/,天堂电影院 Nuovo Cinema Paradiso,1988,朱塞佩·托纳多雷,155,意大利 / 法国,意大利语,9.2,386009,512575,186918,69980,2252
31,https://movie.douban.com/subject/1291858/,鬼子来了,2000,姜文,139,中国大陆,汉语普通话 / 日语 / 唐山话,9.2,321710,446331,140749,60271,1365
32,https://movie.douban.com/subject/1293182/,十二怒汉 12 Angry Men,1957,西德尼·吕美特,96 ,美国,英语,9.4,230017,285438,156887,52617,1366
33,https://movie.douban.com/subject/1296141/,控方证人 Witness for the Prosecution,1957,比利·怀德,116,美国,英语 / 德语,9.6,163564,190202,138697,48478,546
34,https://movie.douban.com/subject/1291552/,指环王3：王者无敌 The Lord of the Rings: The Return of the King,2003,彼得·杰克逊,201,美国 / 新西兰,英语 / 昆雅语 / 古英语 / 辛达林语,9.1,385777,532802,50425,43690,520
35,https://movie.douban.com/subject/1291583/,天空之城 天空の城ラピュタ,1986,宫崎骏,125,日本,日语,9.1,451486,606174,114717,58496,859
36,https://movie.douban.com/subject/2129039/,飞屋环游记 Up,2009,彼特·道格特,96,美国,英语,8.9,687903,938972,107209,113892,2470
37,https://movie.douban.com/subject/1292000/,搏击俱乐部 Fight Club,1999,大卫·芬奇,139 ,美国 / 德国,英语,9.0,499187,646825,148483,100985,2291
38,https://movie.douban.com/subject/1299398/,大话西游之月光宝盒 西遊記第壹佰零壹回之月光寶盒,1995,刘镇伟,87,香港 / 中国大陆,粤语 / 汉语普通话,8.9,588043,852950,35336,57655,595
39,https://movie.douban.com/subject/26387939/,摔跤吧！爸爸 Dangal,2016,涅提·蒂瓦里,161分钟(印,印度,印地语,9.0,723596,1047986,93147,187485,7713
40,https://movie.douban.com/subject/1293839/,罗马假日 Roman Holiday,1953,威廉·惠勒,118,美国,英语 / 意大利语 / 德语,9.0,516629,789734,133468,86666,1029
41,https://movie.douban.com/subject/1308807/,哈尔的移动城堡 ハウルの動く城,2004,宫崎骏,119,日本,日语,9.0,495845,649799,71662,74976,992
42,https://movie.douban.com/subject/1900841/,窃听风暴 Das Leben der Anderen,2006,弗洛里安·亨克尔·冯·多纳斯马尔克,137,德国,德语,9.1,307038,430962,198097,68130,1906
43,https://movie.douban.com/subject/1298624/,闻香识女人 Scent of a Woman,1992,马丁·布莱斯特,157 ,美国,英语,9.0,439133,616111,160764,85686,2138
44,https://movie.douban.com/subject/21937445/,辩护人 변호인,2013,杨宇硕,127,韩国,韩语,9.2,303075,400046,144715,71640,1459
45,https://movie.douban.com/subject/1293350/,"两杆大烟枪 Lock, Stock and Two Smoking Barrels",1998,盖·里奇,107,英国,英语,9.1,342008,443356,161285,66080,622
46,https://movie.douban.com/subject/1292224/,飞越疯人院 One Flew Over the Cuckoo's Nest,1975,米洛斯·福尔曼,133,美国,英语,9.1,345026,464644,182033,65613,1977
47,https://movie.douban.com/subject/1291548/,死亡诗社 Dead Poets Society,1989,彼得·威尔,128 ,美国,英语 / 拉丁语,9.0,375061,483911,160056,80659,3148
48,https://movie.douban.com/subject/1309046/,V字仇杀队 V for Vendetta,2005,詹姆斯·麦克特格,132,美国 / 英国 / 德国,英语,8.8,572303,784048,161355,111979,1808
49,https://movie.douban.com/subject/1291572/,指环王2：双塔奇兵 The Lord of the Rings: The Two Towers,2002,彼得·杰克逊,179,美国 / 新西兰,英语 / 辛达林语 / 古代英语,9.0,362067,492593,35526,29691,186
50,https://movie.douban.com/subject/1299131/,教父2 The Godfather: Part Ⅱ,1974,弗朗西斯·福特·科波拉,202,美国,英语 / 意大利语 / 西班牙语 / 拉丁语 / 西西里语,9.1,257766,356984,77089,28350,306
51,https://movie.douban.com/subject/1293172/,末代皇帝 The Last Emperor,1987,贝纳尔多·贝托鲁奇,163,英国 / 意大利 / 中国大陆 / 法国 / 美国,英语 / 汉语普通话 / 日语 / 俄语,9.1,285010,413761,155158,59492,1415
52,https://movie.douban.com/subject/1291571/,指环王1：魔戒再现 The Lord of the Rings: The Fellowship of the Ring,2001,彼得·杰克逊,178,新西兰 / 美国,英语 / 辛达林语,9.0,405531,556995,45593,43202,394
53,https://movie.douban.com/subject/3442220/,海豚湾 The Cove,2009,路易·西霍尤斯,92,美国,英语 / 日语,9.3,227555,305895,142700,51600,1719
54,https://movie.douban.com/subject/21937452/,素媛 소원,2013,李濬益,123,韩国,韩语,9.2,268437,361459,114630,63196,1472
55,https://movie.douban.com/subject/1291818/,饮食男女 飲食男女,1994,李安,124,台湾 / 美国,汉语普通话 / 闽南语 / 湖南话,9.1,278035,359063,125410,64949,1545
56,https://movie.douban.com/subject/1306029/,美丽心灵 A Beautiful Mind,2001,朗·霍华德,135,美国,英语,8.9,397571,567990,151561,68212,1692
57,https://movie.douban.com/subject/1292220/,情书 Love Letter,1995,岩井俊二,117,日本,日语,8.9,495038,666656,164932,117169,4065
58,https://movie.douban.com/subject/1301753/,狮子王 The Lion King,1994,罗杰·阿勒斯,89 ,美国,英语 / 斯瓦希里语 / 科萨语 / 祖鲁语,8.9,384583,585927,69037,43169,350
59,https://movie.douban.com/subject/1296736/,钢琴家 The Pianist,2002,罗曼·波兰斯基,150,法国 / 德国 / 英国 / 波兰,英语 / 德语 / 俄语,9.1,262233,342121,125102,43075,1072
60,https://movie.douban.com/subject/1292262/,美国往事 Once Upon a Time in America,1984,赛尔乔·莱昂内,229分钟(导演剪辑,意大利 / 美国,英语 / 法语 / 意大利语,9.1,225382,301855,192245,45940,1133
61,https://movie.douban.com/subject/1485260/,本杰明·巴顿奇事 The Curious Case of Benjamin Button,2008,大卫·芬奇,166,美国,英语 / 俄语 / 法语,8.8,516560,685778,113369,92759,3435
62,https://movie.douban.com/subject/1303021/,小鞋子 بچههای آسمان,1997,马基德·马基迪,89,伊朗,波斯语,9.2,192123,246441,111430,41046,1211
63,https://movie.douban.com/subject/20495023/,寻梦环游记 Coco,2017,李·昂克里奇,105,美国,英语 / 西班牙语,9.0,683138,819548,84476,212698,5323
64,https://movie.douban.com/subject/1291843/,黑客帝国 The Matrix,1999,莉莉·沃卓斯基,136,美国 / 澳大利亚,英语,8.9,385171,593886,90143,51283,666
65,https://movie.douban.com/subject/1292402/,西西里的美丽传说 Malèna,2000,朱塞佩·托纳多雷,109 ,意大利 / 美国,意大利语 / 英语 / 拉丁语 / 古希腊语,8.8,484266,660745,139397,91740,2991
66,https://movie.douban.com/subject/1292223/,七宗罪 Se7en,1995,大卫·芬奇,127,美国,英语 / 葡萄牙语,8.8,544434,733389,127974,82364,1585
67,https://movie.douban.com/subject/1780330/,致命魔术 The Prestige,2006,克里斯托弗·诺兰,130,美国 / 英国,英语,8.8,450819,565936,118044,87084,1453
68,https://movie.douban.com/subject/3742360/,让子弹飞,2010,姜文,132,中国大陆 / 香港,汉语普通话 / 四川话 / 山西话,8.7,843226,1222336,73555,165653,4691
69,https://movie.douban.com/subject/26580232/,看不见的客人 Contratiempo,2016,奥里奥尔·保罗,106,西班牙,西班牙语,8.7,531648,639377,128990,145734,2195
70,https://movie.douban.com/subject/1292849/,拯救大兵瑞恩 Saving Private Ryan,1998,史蒂文·斯皮尔伯格,169,美国,英语 / 法语 / 德语 / 捷克语,8.9,328237,465162,91994,41784,714
71,https://movie.douban.com/subject/1787291/,被嫌弃的松子的一生 嫌われ松子の一生,2006,中岛哲也,130 ,日本,日语,8.9,398099,523947,170691,112324,6087
72,https://movie.douban.com/subject/1418019/,大闹天宫,1961,万籁鸣,114,中国大陆,汉语普通话,9.3,156163,256926,55689,16793,124
73,https://movie.douban.com/subject/1295038/,哈利·波特与魔法石 Harry Potter and the Sorcerer's Stone,2001,克里斯·哥伦布,152,美国 / 英国,英语,8.9,397685,541671,22481,46474,360
74,https://movie.douban.com/subject/1294408/,音乐之声 The Sound of Music,1965,罗伯特·怀斯,174,美国,英语 / 德语,9.0,303012,424281,55602,36190,331
75,https://movie.douban.com/subject/1291832/,低俗小说 Pulp Fiction,1994,昆汀·塔伦蒂诺,154,美国,英语 / 西班牙语 / 法语,8.8,442400,580933,156301,85126,1233
76,https://movie.douban.com/subject/1292215/,天使爱美丽 Le fabuleux destin d'Amélie Poulain,2001,让-皮埃尔·热内,122,法国 / 德国,法语 / 俄语,8.7,605265,904915,141071,114732,2293
77,https://movie.douban.com/subject/1294639/,勇敢的心 Braveheart,1995,梅尔·吉布森,177 ,美国,英语 / 法语 / 拉丁语 / 苏格兰盖尔语,8.8,360416,514079,93671,57920,991
78,https://movie.douban.com/subject/1293544/,沉默的羔羊 The Silence of the Lambs,1991,乔纳森·戴米,118,美国,英语,8.8,449783,612733,108432,66733,751
79,https://movie.douban.com/subject/1292370/,剪刀手爱德华 Edward Scissorhands,1990,蒂姆·波顿,105,美国,英语,8.7,617230,866908,96178,97834,1877
80,https://movie.douban.com/subject/1292343/,蝴蝶效应 The Butterfly Effect,2004,埃里克·布雷斯,113,美国 / 加拿大,英语,8.7,495936,734317,135496,84620,2327
81,https://movie.douban.com/subject/1292679/,春光乍泄 春光乍洩,1997,王家卫,96,香港 / 日本 / 韩国,粤语 / 汉语普通话 / 西班牙语,8.9,328208,433198,133204,70242,2223
82,https://movie.douban.com/subject/1305487/,猫鼠游戏 Catch Me If You Can,2002,史蒂文·斯皮尔伯格,141 ,美国 / 加拿大,英语 / 法语,8.8,337908,448570,105205,60274,788
83,https://movie.douban.com/subject/1292656/,心灵捕手 Good Will Hunting,1997,格斯·范·桑特,126 ,美国,英语,8.8,359653,473743,133775,65267,2017
84,https://movie.douban.com/subject/2149806/,入殓师 おくりびと,2008,泷田洋二郎,130 ,日本,日语,8.8,377648,506979,119628,70895,3593
85,https://movie.douban.com/subject/11525673/,布达佩斯大饭店 The Grand Budapest Hotel,2014,韦斯·安德森,99,美国 / 德国 / 英国,英语 / 法语 / 德语,8.8,440929,544881,145540,106588,893
86,https://movie.douban.com/subject/2334904/,禁闭岛 Shutter Island,2010,马丁·斯科塞斯,138 ,美国,英语 / 德语,8.7,478529,638216,100060,92829,1715
87,https://movie.douban.com/subject/3008247/,穿条纹睡衣的男孩 The Boy in the Striped Pajamas,2008,马克·赫尔曼,94,英国 / 美国,英语 / 西班牙语,9.0,216074,281350,129910,49375,1164
88,https://movie.douban.com/subject/1297359/,幽灵公主 もののけ姫,1997,宫崎骏,134,日本,日语,8.8,302878,407751,63486,39394,660
89,https://movie.douban.com/subject/1291875/,阳光灿烂的日子,1994,姜文,134分钟(中国大,中国大陆 / 香港,汉语普通话,8.8,347863,488717,110918,60421,1429
90,https://movie.douban.com/subject/3072124/,玛丽和马克思 Mary and Max,2009,亚当·艾略特,92,澳大利亚,英语 / 意第绪语,8.9,272908,347386,136240,66210,2491
91,https://movie.douban.com/subject/1297630/,第六感 The Sixth Sense,1999,M·奈特·沙马兰,107,美国,英语 / 拉丁语 / 西班牙语,8.8,298271,376400,118485,60701,776
92,https://movie.douban.com/subject/1652587/,阿凡达 Avatar,2009,詹姆斯·卡梅隆,162,美国 / 英国,英语 / 西班牙语,8.7,699045,987509,58952,122518,4209
93,https://movie.douban.com/subject/6985810/,狩猎 Jagten,2012,托马斯·温特伯格,115,丹麦 / 瑞典,丹麦语 / 英语 / 波兰语,9.1,178021,226459,172815,52002,1629
94,https://movie.douban.com/subject/1297192/,致命ID Identity,2003,詹姆斯·曼高德,90,美国,英语,8.7,413667,521602,102175,79950,947
95,https://movie.douban.com/subject/1291999/,重庆森林 重慶森林,1994,王家卫,102,香港,粤语 / 汉语普通话 / 英语 / 印地语 / 日语,8.7,425886,585769,116478,89761,2038
96,https://movie.douban.com/subject/1418834/,断背山 Brokeback Mountain,2005,李安,134,美国 / 加拿大,英语,8.7,409306,553862,108481,76583,2153
97,https://movie.douban.com/subject/1298070/,加勒比海盗 Pirates of the Caribbean: The Curse of the Black Pearl,2003,戈尔·维宾斯基,143 ,美国,英语,8.7,462672,660012,29596,47233,331
98,https://movie.douban.com/subject/1294371/,摩登时代 Modern Times,1936,查理·卓别林,87,美国,英语,9.2,127931,208061,80979,16273,268
99,https://movie.douban.com/subject/4268598/,告白,2010,中岛哲也,106,日本,日语,8.7,429935,548515,111690,116902,2771
100,https://movie.douban.com/subject/1291545/,大鱼 Big Fish,2003,蒂姆·波顿,125 ,美国,英语 / 法语 / 俄语 / 粤语 / 汉语普通话,8.8,317793,410722,140689,63314,1707
101,https://movie.douban.com/subject/1292434/,一一,2000,杨德昌,173,台湾 / 日本,汉语普通话 / 闽南语 / 英语 / 日语,9.0,193324,255333,175515,51986,2563
102,https://movie.douban.com/subject/1302425/,喜剧之王 喜劇之王,1999,周星驰,85,香港,粤语,8.6,443221,642419,49210,63302,1126
103,https://movie.douban.com/subject/21318488/,消失的爱人 Gone Girl,2014,大卫·芬奇,149,美国,英语,8.7,471207,570980,141478,127579,2046
104,https://movie.douban.com/subject/1316510/,射雕英雄传之东成西就 射鵰英雄傳之東成西就,1993,刘镇伟,113分钟(香,香港,粤语,8.7,348317,490328,38323,54933,316
105,https://movie.douban.com/subject/1305164/,甜蜜蜜,1996,陈可辛,118分钟(中国大,香港,粤语 / 汉语普通话 / 英语,8.8,283714,383735,98310,58419,1759
106,https://movie.douban.com/subject/4917726/,阳光姐妹淘 써니,2011,姜炯哲,124,韩国,韩语,8.8,342811,493054,101261,85332,1639
107,https://movie.douban.com/subject/1296339/,爱在黎明破晓前 Before Sunrise,1995,理查德·林克莱特,101,美国 / 奥地利 / 瑞士,英语 / 德语 / 法语,8.8,289329,369044,161379,71439,1992
108,https://movie.douban.com/subject/25814705/,小森林 夏秋篇 リトル・フォレスト 夏・秋,2014,森淳一,111,日本,日语,8.9,193435,253736,97017,50498,848
109,https://movie.douban.com/subject/1297052/,侧耳倾听 耳をすませば,1995,近藤喜文,111,日本,日语 / 英语,8.8,225544,294584,74586,46505,1190
110,https://movie.douban.com/subject/1865703/,红辣椒 パプリカ,2006,今敏,90 ,日本,日语,8.9,183861,225904,103368,44239,509
111,https://movie.douban.com/subject/1297447/,倩女幽魂,1987,程小东,98分钟(香,香港,粤语,8.7,351262,621769,43863,47378,497
112,https://movie.douban.com/subject/21360417/,恐怖直播 더 테러 라이브,2013,金秉祐,97,韩国,韩语,8.7,309271,414024,90572,72429,923
113,https://movie.douban.com/subject/1292208/,上帝之城 Cidade de Deus,2002,卡迪亚·兰德,130,巴西 / 法国,葡萄牙语,8.9,186715,244944,104039,32776,604
114,https://movie.douban.com/subject/1291585/,风之谷 風の谷のナウシカ,1984,宫崎骏,117,日本,日语,8.8,223550,306066,61037,27387,395
115,https://movie.douban.com/subject/5322596/,超脱 Detachment,2011,托尼·凯耶,97,美国,英语,8.8,229350,294054,185242,63688,1754
116,https://movie.douban.com/subject/1291990/,爱在日落黄昏时 Before Sunset,2004,理查德·林克莱特,80 ,美国,英语 / 法语,8.8,253448,329859,169575,58264,1820
117,https://movie.douban.com/subject/26799731/,请以你的名字呼唤我 Call Me by Your Name,2017,卢卡·瓜达尼诺,132,意大利 / 法国 / 巴西 / 美国 / 荷兰 / 德国,英语 / 意大利语 / 法语 / 德语 / 希伯来语,8.8,273481,321874,185915,97255,3375
118,https://movie.douban.com/subject/2353023/,驯龙高手 How to Train Your Dragon,2010,迪恩·德布洛斯,98,美国,英语,8.7,375919,479906,61916,64193,793
119,https://movie.douban.com/subject/1293359/,菊次郎的夏天 菊次郎の夏,1999,北野武,121 ,日本,日语,8.8,247170,357840,174699,57887,1427
120,https://movie.douban.com/subject/1292274/,幸福终点站 The Terminal,2004,史蒂文·斯皮尔伯格,128,美国,英语 / 俄语 / 法语 / 保加利亚语,8.7,281637,376642,86408,45349,971
121,https://movie.douban.com/subject/3011235/,哈利·波特与死亡圣器(下) Harry Potter and the Deathly Hallows: Part 2,2011,大卫·叶茨,130,美国 / 英国,英语,8.7,364248,496364,35628,76528,2012
122,https://movie.douban.com/subject/1300299/,杀人回忆 살인의 추억,2003,奉俊昊,130,韩国,韩语,8.7,269887,339040,95660,59073,1066
123,https://movie.douban.com/subject/3287562/,神偷奶爸 Despicable Me,2010,皮埃尔·柯芬,95,美国 / 法国,英语,8.5,507982,670123,57318,82116,523
124,https://movie.douban.com/subject/25814707/,小森林 冬春篇 リトル・フォレスト 冬・春,2015,森淳一,120,日本,日语,9.0,168564,219573,85455,39099,776
125,https://movie.douban.com/subject/4202302/,借东西的小人阿莉埃蒂 借りぐらしのアリエッティ,2010,米林宏昌,94,日本,日语,8.7,276289,356998,64462,57210,1029
126,https://movie.douban.com/subject/10777687/,7号房的礼物 7번방의 선물,2013,李焕庆,127,韩国,韩语,8.8,238489,318530,77552,56844,845
127,https://movie.douban.com/subject/1291579/,"怪兽电力公司 Monsters, Inc.",2001,彼特·道格特,92 ,美国,英语,8.6,322878,477915,61730,37364,276
128,https://movie.douban.com/subject/3792799/,岁月神偷 歲月神偷,2010,罗启锐,117,香港 / 中国大陆,粤语 / 汉语普通话 / 英语 / 上海话 / 法语,8.6,366795,496532,108583,86579,2744
129,https://movie.douban.com/subject/1295399/,七武士 七人の侍,1954,黑泽明,160分钟(国际,日本,日语,9.2,99438,140111,92624,21003,506
130,https://movie.douban.com/subject/5989818/,萤火之森 蛍火の杜へ,2011,大森贵弘,45,日本,日语,8.8,222434,327722,107771,52435,813
131,https://movie.douban.com/subject/11026735/,超能陆战队 Big Hero 6,2014,唐·霍尔,102,美国,英语,8.6,497405,618196,38607,113733,745
132,https://movie.douban.com/subject/1306249/,唐伯虎点秋香 唐伯虎點秋香,1993,李力持,102 ,香港,粤语,8.5,469659,730967,12877,42347,235
133,https://movie.douban.com/subject/1417598/,电锯惊魂 Saw,2004,温子仁,103,美国,英语,8.7,254432,341006,44745,44677,505
134,https://movie.douban.com/subject/1292401/,真爱至上 Love Actually,2003,理查德·柯蒂斯,135 ,英国 / 美国 / 法国,英语 / 葡萄牙语 / 法语,8.5,398571,512546,134463,95860,1519
135,https://movie.douban.com/subject/3395373/,蝙蝠侠：黑暗骑士崛起 The Dark Knight Rises,2012,克里斯托弗·诺兰,165,美国 / 英国,英语 / 阿拉伯语,8.7,372711,517401,52834,87020,1815
136,https://movie.douban.com/subject/1578507/,谍影重重3 The Bourne Ultimatum,2007,保罗·格林格拉斯,115,美国 / 德国,英语 / 法语 / 阿拉伯语 / 俄语 / 西班牙语,8.7,230655,327159,45354,27908,385
137,https://movie.douban.com/subject/1907966/,疯狂原始人 The Croods,2013,柯克·德·米科,98,美国,英语,8.7,469470,662527,73950,104674,907
138,https://movie.douban.com/subject/1293318/,萤火虫之墓 火垂るの墓,1988,高畑勋,89 ,日本,日语,8.7,250108,336443,71441,47402,1333
139,https://movie.douban.com/subject/1303037/,喜宴 囍宴,1993,李安,108,台湾 / 美国,汉语普通话 / 英语,8.9,177291,226159,80851,37644,799
140,https://movie.douban.com/subject/1292328/,东邪西毒 東邪西毒,1994,王家卫,100,香港 / 台湾,粤语 / 汉语普通话,8.6,325636,547382,97326,48165,1682
141,https://movie.douban.com/subject/2209573/,贫民窟的百万富翁 Slumdog Millionaire,2008,丹尼·博伊尔,120 ,英国 / 美国,英语 / 印地语 / 法语,8.5,465698,647531,71031,58617,2608
142,https://movie.douban.com/subject/1978709/,黑天鹅 Black Swan,2010,达伦·阿伦诺夫斯基,108,美国,英语 / 法语 / 意大利语,8.5,507540,682356,109287,115393,2263
143,https://movie.douban.com/subject/1304447/,记忆碎片 Memento,2000,克里斯托弗·诺兰,113,美国,英语,8.6,344405,478227,144583,68820,1268
144,https://movie.douban.com/subject/1297574/,英雄本色,1986,吴宇森,95,香港,粤语 / 汉语普通话 / 英语,8.6,239439,413950,59361,34613,542
145,https://movie.douban.com/subject/1292337/,无人知晓 誰も知らない,2004,是枝裕和,141,日本,日语,9.1,106675,140558,128308,32281,771
146,https://movie.douban.com/subject/25917973/,心迷宫,2014,忻钰坤,110分钟(中国大,中国大陆,汉语普通话,8.7,245193,313305,124117,66776,1085
147,https://movie.douban.com/subject/1418200/,傲慢与偏见 Pride & Prejudice,2005,乔·赖特,129 ,法国 / 英国 / 美国,英语,8.5,385333,557314,93582,77565,1516
148,https://movie.douban.com/subject/1291870/,雨人 Rain Man,1988,巴瑞·莱文森,133,美国,英语 / 意大利语,8.7,247797,342018,110658,35607,632
149,https://movie.douban.com/subject/26325320/,血战钢锯岭 Hacksaw Ridge,2016,梅尔·吉布森,139分钟(中国大,美国 / 澳大利亚,英语,8.7,421777,647162,79397,118060,3920
150,https://movie.douban.com/subject/24750126/,荒蛮故事 Relatos salvajes,2014,达米安·斯兹弗隆,122,阿根廷 / 西班牙,西班牙语,8.8,196014,243152,110471,52946,715
151,https://movie.douban.com/subject/10577869/,时空恋旅人 About Time,2013,理查德·柯蒂斯,123,英国,英语,8.7,267562,347590,114171,71512,1354
152,https://movie.douban.com/subject/1295409/,纵横四海 緃横四海,1991,吴宇森,108,香港,粤语 / 汉语普通话 / 客家话 / 英语 / 法语,8.7,199252,313374,51693,32071,307
153,https://movie.douban.com/subject/1291822/,卢旺达饭店 Hotel Rwanda,2004,特瑞·乔治,121,英国 / 南非 / 意大利 / 美国,英语 / 法语,8.9,148849,217010,120341,25816,686
154,https://movie.douban.com/subject/1294240/,教父3 The Godfather: Part III,1990,弗朗西斯·福特·科波拉,170,美国,英语 / 意大利语 / 德语 / 拉丁语,8.8,170126,249517,53929,18602,316
155,https://movie.douban.com/subject/1858711/,玩具总动员3 Toy Story 3,2010,李·昂克里奇,103,美国,英语 / 西班牙语,8.8,241735,353753,69285,44624,997
156,https://movie.douban.com/subject/1793929/,达拉斯买家俱乐部 Dallas Buyers Club,2013,让-马克·瓦雷,117,美国,英语 / 日语,8.7,239561,329470,125925,51477,629
157,https://movie.douban.com/subject/25980443/,海边的曼彻斯特 Manchester by the Sea,2016,肯尼思·洛纳根,137,美国,英语,8.6,266522,336353,156374,88097,2840
158,https://movie.douban.com/subject/1291557/,花样年华 花樣年華,2000,王家卫,98 ,香港,粤语 / 上海话 / 法语,8.6,306979,437711,80300,59312,1448
159,https://movie.douban.com/subject/1300992/,完美的世界 A Perfect World,1993,克林特·伊斯特伍德,138,美国,英语,9.0,106442,130010,107176,24707,615
160,https://movie.douban.com/subject/3443389/,海洋 Océans,2009,雅克·贝汉,104分钟(法,法国 / 瑞士 / 西班牙 / 美国 / 阿联酋,法语 / 英语,9.0,110975,143636,96759,29618,592
161,https://movie.douban.com/subject/1296909/,虎口脱险 La grande vadrouille,1966,热拉尔·乌里,132,法国 / 英国,法语 / 英语 / 德语,8.9,129257,175863,57453,19943,131
162,https://movie.douban.com/subject/1309163/,恋恋笔记本 The Notebook,2004,尼克·卡萨维茨,123,美国,英语,8.5,352523,473914,113448,82937,2144
163,https://movie.douban.com/subject/4848115/,你看起来好像很好吃 おまえうまそうだな,2010,藤森雅也,90,日本,日语,8.8,184667,234673,83020,51221,361
164,https://movie.douban.com/subject/1295865/,燃情岁月 Legends of the Fall,1994,爱德华·兹威克,133,美国,英语 / 科尼什语,8.7,172560,231145,84428,34000,1175
165,https://movie.douban.com/subject/26430107/,二十二,2015,郭柯,99分钟(公映,中国大陆,汉语普通话,8.7,146916,218083,100614,46027,3763
166,https://movie.douban.com/subject/10533913/,头脑特工队 Inside Out,2015,彼特·道格特,95,美国,英语,8.7,303172,369240,49610,76401,1081
167,https://movie.douban.com/subject/1291578/,冰川时代 Ice Age,2002,卡洛斯·沙尔丹哈,81 ,美国,英语 / 克罗地亚语,8.5,342494,494590,26753,27948,192
168,https://movie.douban.com/subject/1293460/,雨中曲 Singin' in the Rain,1952,斯坦利·多南,103,美国,英语,9.0,113140,147801,87948,20640,200
169,https://movie.douban.com/subject/6307447/,被解救的姜戈 Django Unchained,2012,昆汀·塔伦蒂诺,163分钟(中国大,美国,英语 / 法语 / 德语,8.6,320898,405414,108911,78187,1053
170,https://movie.douban.com/subject/1306861/,我是山姆 I Am Sam,2001,杰茜·尼尔森,132 ,美国,英语,8.9,134745,171251,94437,29707,577
171,https://movie.douban.com/subject/6534248/,无敌破坏王 Wreck-It Ralph,2012,瑞奇·摩尔,101,美国,英语,8.7,268703,360343,78904,63322,609
172,https://movie.douban.com/subject/1302827/,人工智能 Artificial Intelligence: AI,2001,史蒂文·斯皮尔伯格,146,美国,英语,8.6,237261,314877,98618,44128,1082
173,https://movie.douban.com/subject/1937946/,穿越时空的少女 時をかける少女,2006,细田守,98,日本,日语,8.6,226693,302644,92399,47430,1081
174,https://movie.douban.com/subject/1293964/,魂断蓝桥 Waterloo Bridge,1940,茂文·勒鲁瓦,108,美国,英语 / 法语,8.8,153473,248688,101668,23799,465
175,https://movie.douban.com/subject/25773932/,爆裂鼓手 Whiplash,2014,达米恩·查泽雷,107,美国,英语,8.6,295159,370993,91343,79439,1737
176,https://movie.douban.com/subject/1292528/,猜火车 Trainspotting,1996,丹尼·博伊尔,94,英国,英语,8.5,289184,388882,123606,54252,1188
177,https://movie.douban.com/subject/26683290/,你的名字。 君の名は。,2016,新海诚,106,日本,日语,8.4,654038,939870,136656,191484,5590
178,https://movie.douban.com/subject/1395091/,未麻的部屋 Perfect Blue,1997,今敏,81 ,日本,日语,8.9,129015,157685,90920,32012,488
179,https://movie.douban.com/subject/10463953/,模仿游戏 The Imitation Game,2014,莫滕·泰杜姆,114,英国 / 美国,英语 / 德语,8.6,322008,415397,125367,74622,1199
180,https://movie.douban.com/subject/1291879/,罗生门 羅生門,1950,黑泽明,88,日本,日语,8.7,159188,234875,146358,33518,1113
181,https://movie.douban.com/subject/26628357/,一个叫欧维的男人决定去死 En man som heter Ove,2015,汉内斯·赫尔姆,116,瑞典,瑞典语 / 波斯语,8.8,169182,221872,136373,47837,1144
182,https://movie.douban.com/subject/25724855/,房间 Room,2015,伦尼·阿伯拉罕森,118,爱尔兰 / 加拿大 / 英国 / 美国,英语,8.8,203306,276827,121900,51463,1291
183,https://movie.douban.com/subject/1305690/,阿飞正传 阿飛正傳,1990,王家卫,94,香港,粤语 / 汉语普通话 / 英语 / 菲律宾语 / 上海话,8.5,266387,382225,95265,55877,1383
184,https://movie.douban.com/subject/1959195/,忠犬八公物语 ハチ公物語,1987,神山征二郎,107 ,日本,日语,9.1,83403,198555,68146,12289,273
185,https://movie.douban.com/subject/26614893/,完美陌生人 Perfetti sconosciuti,2016,保罗·格诺维塞,97,意大利,意大利语,8.5,295795,370795,121978,94088,2348
186,https://movie.douban.com/subject/1760622/,香水 Perfume: The Story of a Murderer,2006,汤姆·提克威,147,德国 / 法国 / 西班牙 / 美国,英语,8.4,334567,441731,108181,69117,2415
187,https://movie.douban.com/subject/3011051/,恐怖游轮 Triangle,2009,克里斯托弗·史密斯,99 ,英国 / 澳大利亚,英语,8.4,411496,533753,63635,93589,1785
188,https://movie.douban.com/subject/1307811/,魔女宅急便 魔女の宅急便,1989,宫崎骏,103,日本,日语,8.5,249212,352733,53270,30618,486
189,https://movie.douban.com/subject/2297265/,浪潮 Die Welle,2008,丹尼斯·甘塞尔,107 ,德国,德语,8.7,160699,197367,106741,39369,1423
190,https://movie.douban.com/subject/2213597/,朗读者 The Reader,2008,史蒂芬·戴德利,124 ,美国 / 德国,英语 / 德语 / 希腊语 / 拉丁语,8.5,316877,421433,121063,51352,3030
191,https://movie.douban.com/subject/26611804/,"三块广告牌 Three Billboards Outside Ebbing, Missouri",2017,马丁·麦克唐纳,115,美国 / 英国,英语,8.7,419928,522139,186104,118672,3454
192,https://movie.douban.com/subject/1308857/,可可西里,2004,陆川,85分钟(中国大,中国大陆 / 香港,汉语普通话 / 藏语,8.7,157818,324397,82177,23820,630
193,https://movie.douban.com/subject/1307315/,哪吒闹海,1979,严定宪,65,中国大陆,汉语普通话,8.9,107470,167444,31354,10167,103
194,https://movie.douban.com/subject/1302467/,黑客帝国3：矩阵革命 The Matrix Revolutions,2003,莉莉·沃卓斯基,129 ,美国 / 澳大利亚,英语 / 法语,8.6,200046,276936,24521,17759,281
195,https://movie.douban.com/subject/1419936/,战争之王 Lord of War,2005,安德鲁·尼科尔,122 ,美国 / 法国,英语 / 法语 / 德语 / 俄语 / 西班牙语 / 乌克兰语 / 阿拉伯语 / 土耳其语 / 汉语普通话,8.6,207316,288758,65093,27600,555
196,https://movie.douban.com/subject/1304102/,谍影重重 The Bourne Identity,2002,道格·里曼,119,美国 / 德国 / 捷克,英语 / 法语 / 德语 / 荷兰语 / 意大利语,8.5,237889,322304,34850,29531,279
197,https://movie.douban.com/subject/1308767/,谍影重重2 The Bourne Supremacy,2004,保罗·格林格拉斯,108,美国 / 德国,英语 / 俄语 / 德语 / 意大利语,8.6,198854,284912,28513,19822,151
198,https://movie.douban.com/subject/25895901/,海街日记 海街diary,2015,是枝裕和,127,日本,日语,8.7,184073,227716,93318,56766,922
199,https://movie.douban.com/subject/2363506/,地球上的星星 Taare Zameen Par,2007,阿米尔·汗,165,印度,印地语 / 英语,8.9,107657,135285,74365,27084,925
200,https://movie.douban.com/subject/1292329/,牯岭街少年杀人事件 牯嶺街少年殺人事件,1991,杨德昌,237分钟(导演剪辑,台湾,汉语普通话 / 闽南语 / 上海话 / 粤语,8.8,134236,179194,153444,31442,1131
201,https://movie.douban.com/subject/5964718/,一次别离 جدایی نادر از سیمین,2011,阿斯哈·法哈蒂,123,伊朗 / 法国,波斯语,8.7,157307,210621,136575,43144,1169
202,https://movie.douban.com/subject/1397546/,追随 Following,1998,克里斯托弗·诺兰,69,英国,英语,8.9,99521,120568,133728,25592,259
203,https://movie.douban.com/subject/1303394/,青蛇,1993,徐克,99,香港,粤语,8.5,276736,402500,43668,43811,1117
204,https://movie.douban.com/subject/1293181/,惊魂记 Psycho,1960,阿尔弗雷德·希区柯克,109,美国,英语,8.9,107205,141673,76742,23816,286
205,https://movie.douban.com/subject/1388216/,撞车 Crash,2004,保罗·哈吉斯,112,美国 / 德国,英语 / 波斯语 / 西班牙语 / 汉语普通话 / 韩语,8.6,205124,277001,107091,35928,1034
206,https://movie.douban.com/subject/6874403/,再次出发之纽约遇见你 Begin Again,2013,约翰·卡尼,104,美国,英语,8.5,220634,280835,126206,62136,1057
207,https://movie.douban.com/subject/26393561/,小萝莉的猴神大叔 Bajrangi Bhaijaan,2015,卡比尔·汗,159,印度,印地语 / 乌尔都语,8.5,232674,315206,67931,70075,1991
208,https://movie.douban.com/subject/3075287/,源代码 Source Code,2011,邓肯·琼斯,93,美国 / 加拿大,英语,8.4,484573,645165,83519,100916,2311
209,https://movie.douban.com/subject/1291844/,终结者2：审判日 Terminator 2: Judgment Day,1991,詹姆斯·卡梅隆,137,美国 / 法国,英语 / 西班牙语,8.6,178408,256439,25519,16860,189
210,https://movie.douban.com/subject/1862151/,疯狂的石头,2006,宁浩,106 分钟(香,中国大陆 / 香港,汉语普通话 / 重庆话,8.4,405504,582950,38347,46595,697
211,https://movie.douban.com/subject/2222996/,步履不停 歩いても 歩いても,2008,是枝裕和,115,日本,日语,8.8,118735,159753,142329,35746,941
212,https://movie.douban.com/subject/1292270/,梦之安魂曲 Requiem for a Dream,2000,达伦·阿伦诺夫斯基,102,美国,英语,8.7,134072,173976,122468,37086,770
213,https://movie.douban.com/subject/1292287/,新龙门客栈 新龍門客棧,1992,李惠民,88,香港 / 中国大陆,汉语普通话 / 粤语,8.5,232361,344277,34299,27755,341
214,https://movie.douban.com/subject/4739952/,初恋这件小事 สิ่งเล็กเล็กที่เรียกว่า...รัก,2010,普特鹏·普罗萨卡·那·萨克那卡林,118分钟(泰,泰国,泰语 / 印度尼西亚语 / 英语,8.3,571102,919862,59339,142425,3905
215,https://movie.douban.com/subject/1291568/,东京物语 東京物語,1953,小津安二郎,136 ,日本,日语,9.2,64975,95158,144441,18053,640
216,https://movie.douban.com/subject/10808442/,爱在午夜降临前 Before Midnight,2013,理查德·林克莱特,109,美国 / 希腊,英语 / 希腊语 / 法语,8.8,148111,200615,166993,41837,1044
217,https://movie.douban.com/subject/1293908/,城市之光 City Lights,1931,查理·卓别林,87 ,美国,英语,9.3,58141,94547,74004,9755,154
218,https://movie.douban.com/subject/1438652/,无耻混蛋 Inglourious Basterds,2009,昆汀·塔伦蒂诺,153,美国 / 德国,英语 / 德语 / 法语 / 意大利语,8.5,268043,347740,104505,52867,879
219,https://movie.douban.com/subject/1300374/,绿里奇迹 The Green Mile,1999,弗兰克·德拉邦特,189 ,美国,英语 / 法语,8.7,131367,168883,69584,22427,537
220,https://movie.douban.com/subject/2300586/,这个男人来自地球 The Man from Earth,2007,理查德·沙因克曼,87 ,美国,英语,8.5,226053,284747,106637,56402,1676
221,https://movie.douban.com/subject/1428581/,天书奇谭,1983,王树忱,89,中国大陆,汉语普通话,9.1,68996,104356,16456,8419,86
222,https://movie.douban.com/subject/25807345/,彗星来的那一夜 Coherence,2013,詹姆斯·沃德·布柯特,89,美国 / 英国,英语,8.5,242093,304722,107750,62599,775
223,https://movie.douban.com/subject/1294638/,E.T. 外星人 E.T.: The Extra-Terrestrial,1982,史蒂文·斯皮尔伯格,115,美国,英语,8.5,192989,295147,57557,21229,209
224,https://movie.douban.com/subject/1291992/,末路狂花 Thelma & Louise,1991,雷德利·斯科特,130 ,美国 / 法国,英语,8.7,126346,166392,88332,28218,741
225,https://movie.douban.com/subject/1292728/,勇闯夺命岛 The Rock,1996,迈克尔·贝,136,美国,英语,8.6,168748,227893,39821,22010,254
226,https://movie.douban.com/subject/1428175/,血钻 Blood Diamond,2006,爱德华·兹威克,143 ,美国 / 德国,英语 / 门德语 / 南非荷兰语,8.6,171169,264285,56394,25837,644
227,https://movie.douban.com/subject/1292659/,变脸 Face/Off,1997,吴宇森,138,美国,英语 / 拉丁语,8.4,253336,359154,50349,30299,312
228,https://movie.douban.com/subject/2043546/,秒速5厘米 秒速5センチメートル,2007,新海诚,63,日本,日语,8.3,374233,538669,118309,82336,2665
229,https://movie.douban.com/subject/25954475/,聚焦 Spotlight,2015,汤姆·麦卡锡,128,美国,英语,8.8,157611,202667,107356,41220,879
230,https://movie.douban.com/subject/1292233/,发条橙 A Clockwork Orange,1971,斯坦利·库布里克,136 ,英国 / 美国,英语,8.5,219258,296894,143402,42318,858
231,https://movie.douban.com/subject/1401118/,"黄金三镖客 Il buono, il brutto, il cattivo.",1966,赛尔乔·莱昂内,161 ,意大利 / 西班牙 / 西德,意大利语 / 英语,9.1,64651,82248,61559,14544,244
232,https://movie.douban.com/subject/25958717/,海蒂和爷爷 Heidi,2015,阿兰·葛斯彭纳,111,德国 / 瑞士 / 南非,德语 / 瑞士德语 / 南非语,9.1,75503,92784,63298,25740,546
233,https://movie.douban.com/subject/1296753/,卡萨布兰卡 Casablanca,1942,迈克尔·柯蒂兹,102,美国,英语 / 法语 / 德语 / 意大利语,8.6,148201,201100,83096,28637,570
234,https://movie.douban.com/subject/1292226/,2001太空漫游 2001: A Space Odyssey,1968,斯坦利·库布里克,148,英国 / 美国,英语 / 俄语,8.7,127235,165168,95313,36198,750
235,https://movie.douban.com/subject/1292214/,非常嫌疑犯 The Usual Suspects,1995,布莱恩·辛格,106,德国 / 美国,英语 / 匈牙利语 / 西班牙语 / 法语,8.6,147282,183655,97900,29414,343
236,https://movie.douban.com/subject/1291824/,黑鹰坠落 Black Hawk Down,2001,雷德利·斯科特,144,美国,英语 / 阿拉伯语 / 索马里语,8.6,150233,198793,48250,22885,379
237,https://movie.douban.com/subject/4023638/,国王的演讲 The King's Speech,2010,汤姆·霍珀,118,英国 / 澳大利亚 / 美国,英语,8.3,404544,593206,124685,76361,1256
238,https://movie.douban.com/subject/1292062/,美国丽人 American Beauty,1999,萨姆·门德斯,122,美国,英语,8.5,220343,292779,92523,40913,1293
239,https://movie.douban.com/subject/5908478/,我爱你 그대를 사랑합니다,2011,秋昌旼,118,韩国,韩语,9.0,75158,91713,83468,23940,736
240,https://movie.douban.com/subject/1300960/,碧海蓝天 Le grand bleu,1988,吕克·贝松,132分钟(法,法国 / 美国 / 意大利,法语 / 英语 / 意大利语,8.7,118317,164938,101881,25716,1098
241,https://movie.douban.com/subject/1300117/,千钧一发 Gattaca,1997,安德鲁·尼科尔,106,美国,英语 / 世界语,8.7,114849,144828,90682,28269,578
242,https://movie.douban.com/subject/1867345/,遗愿清单 The Bucket List,2007,罗伯·莱纳,97 ,美国,英语,8.5,165289,214667,80696,33226,998
243,https://movie.douban.com/subject/3007773/,海盗电台 The Boat That Rocked,2009,理查德·柯蒂斯,116 ,英国 / 德国 / 法国,英语,8.6,186196,234086,107042,43576,854
244,https://movie.douban.com/subject/1905462/,荒野生存 Into the Wild,2007,西恩·潘,148,美国,英语 / 丹麦语,8.6,151133,217849,144563,36621,2162
245,https://movie.douban.com/subject/1291853/,英国病人 The English Patient,1996,安东尼·明格拉,162,美国 / 英国,英语 / 德语 / 意大利语 / 阿拉伯语,8.5,199976,272019,144803,38002,957
246,https://movie.douban.com/subject/1298653/,荒岛余生 Cast Away,2000,罗伯特·泽米吉斯,143,美国,英语 / 俄语,8.5,167150,248741,70889,25885,600
247,https://movie.douban.com/subject/3592854/,疯狂的麦克斯4：狂暴之路 Mad Max: Fury Road,2015,乔治·米勒,120,澳大利亚 / 美国,英语,8.6,257516,317328,54483,69446,514
248,https://movie.douban.com/subject/1300741/,枪火 鎗火,1999,杜琪峰,84分钟(香,香港,粤语,8.7,121544,158929,53724,22880,337
249,https://movie.douban.com/subject/3217169/,勇士 Warrior,2011,加文·欧康诺,140,美国,英语,8.9,101460,123540,66711,28326,580
250,https://movie.douban.com/subject/1291936/,攻壳机动队 攻殻機動隊,1995,押井守,83,日本,日语,8.9,74607,93323,57342,14575,220
